region_id,n,n_hard,n_easy,fp_rate,fn_rate,fp_enrichment_vs_global,fn_enrichment_vs_global,medoid_id,mean_stereocenters,mean_ring_count,mean_heavy_atoms,mean_fg_count,mean_agreement_fraction,fraction_expert_hard,structural_interpretation,representative_ids,dominant_finding_codes,ring_contribution,size_contribution,stereo_contribution,fg_contribution
fn_cluster_30,71,62,9,0.0,1.0,0.0,1.2055804158989207,MPSCORE_01264,1.056338028169014,1.380281690140845,16.056338028169016,1.1690140845070423,1.0,0.8732394366197183,low reactive FG count (1.2 vs global 2.1); low bridgeheads (0.0 vs global 0.2),MPSCORE_01264;MPSCORE_00997;MPSCORE_03440;MPSCORE_03404;MPSCORE_03848,FUNCTIONAL_GROUP_REACTIVE:83;STEREO_CENTER_COUNT:53;FUNCTIONAL_GROUP_DENSE:11;SIZE_LARGE_MOLECULAR_WEIGHT:3,0.10912423353188705,0.12423858288821796,0.10216223626476816,0.13847916725993814
fn_cluster_22,264,263,1,0.0,1.0,0.0,1.2055804158989207,MPSCORE_03266,0.007575757575757576,2.125,17.977272727272727,3.147727272727273,1.0,0.9962121212121212,low stereocenters (0.0 vs global 1.3); high reactive FG count (3.1 vs global 2.1); low bridgeheads (0.0 vs global 0.2),MPSCORE_03266;MPSCORE_03261;MPSCORE_05871;MPSCORE_03260;MPSCORE_03252,FUNCTIONAL_GROUP_REACTIVE:831;SIZE_LARGE_MOLECULAR_WEIGHT:8;STEREO_CENTER_COUNT:2,0.1568135920764698,0.13032294933866256,0.0007473079917172258,0.24263118057155375
fn_cluster_32,54,53,1,0.0,1.0,0.0,1.2055804158989207,MPSCORE_03245,0.07407407407407407,2.074074074074074,18.555555555555557,3.611111111111111,1.0,0.9814814814814815,low stereocenters (0.1 vs global 1.3); high reactive FG count (3.6 vs global 2.1); low bridgeheads (0.0 vs global 0.2),MPSCORE_03245;MPSCORE_01712;MPSCORE_02480;MPSCORE_01696;MPSCORE_02700,FUNCTIONAL_GROUP_REACTIVE:195;STEREO_CENTER_COUNT:4;RING_SPIRO:1,0.1365522019640327,0.13283171296447144,0.007065585307629652,0.2749054939412283
fn_cluster_33,116,113,3,0.0,1.0,0.0,1.2055804158989207,MPSCORE_06893,0.5517241379310345,1.3879310344827587,13.327586206896552,3.103448275862069,1.0,0.9741379310344828,low stereocenters (0.6 vs global 1.3); low aromatic rings (0.2 vs global 1.0); high reactive FG count (3.1 vs global 2.1); low bridgeheads (0.1 vs global 0.2),MPSCORE_06893;MPSCORE_08755;MPSCORE_09791;MPSCORE_09963;MPSCORE_06892,FUNCTIONAL_GROUP_REACTIVE:360;STEREO_CENTER_COUNT:14;RING_BRIDGED_COMPLEXITY:5;SIZE_LARGE_MOLECULAR_WEIGHT:2,0.1305310952610563,0.08807587616387345,0.02147851693065567,0.2092731198333795
fn_cluster_35,72,69,3,0.0,1.0,0.0,1.2055804158989207,MPSCORE_00165,0.8472222222222222,2.0416666666666665,17.02777777777778,2.2222222222222223,1.0,0.9583333333333334,low aromatic rings (0.5 vs global 1.0); low bridgeheads (0.0 vs global 0.2),MPSCORE_00165;MPSCORE_07288;MPSCORE_05007;MPSCORE_07284;MPSCORE_09186,FUNCTIONAL_GROUP_REACTIVE:160;STEREO_CENTER_COUNT:56;RING_MACROCYCLE:10;FUNCTIONAL_GROUP_DENSE:2,0.18881570814013232,0.1042682112801192,0.08434889331667576,0.16559200587839426
fn_cluster_40,34,34,0,,1.0,,1.2055804158989207,MPSCORE_04291,0.0,2.0,14.411764705882353,3.088235294117647,1.0,1.0,low stereocenters (0.0 vs global 1.3); high aromatic rings (2.0 vs global 1.0); high reactive FG count (3.1 vs global 2.1); low bridgeheads (0.0 vs global 0.2),MPSCORE_04291;MPSCORE_04264;MPSCORE_04263;MPSCORE_04292;MPSCORE_04222,FUNCTIONAL_GROUP_REACTIVE:105,0.2646490475531742,0.0911843231162456,0.0,0.24029207260058835
fn_cluster_41,49,44,5,0.0,1.0,0.0,1.2055804158989207,MPSCORE_06313,0.10204081632653061,3.2448979591836733,18.816326530612244,1.4489795918367347,1.0,0.8979591836734694,high rings (3.2 vs global 2.0); low stereocenters (0.1 vs global 1.3); high aromatic rings (3.1 vs global 1.0); low bridgeheads (0.0 vs global 0.2),MPSCORE_06313;MPSCORE_00283;MPSCORE_09410;MPSCORE_09409;MPSCORE_05819,FUNCTIONAL_GROUP_REACTIVE:71;STEREO_CENTER_COUNT:5;SIZE_LARGE_MOLECULAR_WEIGHT:3,0.2600382890241636,0.10573300260863391,0.009535434767350623,0.11137001414656353
fn_cluster_44,32,25,7,0.0,1.0,0.0,1.2055804158989207,MPSCORE_07278,0.0,1.78125,14.15625,0.96875,1.0,0.78125,low stereocenters (0.0 vs global 1.3); high aromatic rings (1.8 vs global 1.0); low reactive FG count (1.0 vs global 2.1); low bridgeheads (0.0 vs global 0.2),MPSCORE_07278;MPSCORE_00157;MPSCORE_06193;MPSCORE_06196;MPSCORE_04998,FUNCTIONAL_GROUP_REACTIVE:31,0.1765700489191959,0.11090909273701494,0.0,0.13550193928631998
fn_cluster_45,54,36,18,0.0,1.0,0.0,1.2055804158989207,MPSCORE_07274,0.0,1.4074074074074074,13.518518518518519,1.1666666666666667,1.0,0.6666666666666666,low stereocenters (0.0 vs global 1.3); low reactive FG count (1.2 vs global 2.1); low bridgeheads (0.0 vs global 0.2),MPSCORE_07274;MPSCORE_00153;MPSCORE_06190;MPSCORE_01136;MPSCORE_07264,FUNCTIONAL_GROUP_REACTIVE:63,0.138410176309682,0.11161733696953723,0.0,0.14957749405178808
fn_cluster_46,40,29,11,0.0,1.0,0.0,1.2055804158989207,MPSCORE_04466,0.0,1.025,14.425,1.475,1.0,0.725,low rings (1.0 vs global 2.0); low stereocenters (0.0 vs global 1.3); low bridgeheads (0.0 vs global 0.2),MPSCORE_04466;MPSCORE_04228;MPSCORE_04406;MPSCORE_04462;MPSCORE_04409,FUNCTIONAL_GROUP_REACTIVE:59;FUNCTIONAL_GROUP_DENSE:4,0.09608043128007468,0.11252635491636051,0.0,0.17594751353542332
fp_cluster_8,38,8,30,0.6333333333333333,1.0,11.22948717948718,1.2055804158989207,MPSCORE_08527,3.3684210526315788,7.394736842105263,37.921052631578945,1.2105263157894737,1.0,0.21052631578947367,high size (37.9 vs global 16.3); high rings (7.4 vs global 2.0); high stereocenters (3.4 vs global 1.3); high aromatic rings (3.9 vs global 1.0); low reactive FG count (1.2 vs global 2.1); high bridgeheads (3.4 vs global 0.2),MPSCORE_08527;MPSCORE_10319;MPSCORE_00371;MPSCORE_06382;MPSCORE_09593,FUNCTIONAL_GROUP_REACTIVE:46;RING_BRIDGED_COMPLEXITY:32;SIZE_LARGE_MOLECULAR_WEIGHT:20,0.32665470178599015,0.20634090980518496,0.0,0.1530860821769608
fp_cluster_51,44,38,6,0.5,0.7368421052631579,8.865384615384615,0.8883224117149942,MPSCORE_08850,0.09090909090909091,3.3863636363636362,21.272727272727273,2.5681818181818183,1.0,0.8636363636363636,high rings (3.4 vs global 2.0); low stereocenters (0.1 vs global 1.3); high aromatic rings (2.0 vs global 1.0); low bridgeheads (0.0 vs global 0.2),MPSCORE_08850;MPSCORE_08851;MPSCORE_08719;MPSCORE_08853;MPSCORE_07051,FUNCTIONAL_GROUP_REACTIVE:113;FUNCTIONAL_GROUP_DENSE:19;SIZE_LARGE_MOLECULAR_WEIGHT:8;STEREO_CENTER_COUNT:4,0.29824091585347295,0.11071018589642158,0.009280250879934943,0.2765621232056094
fp_cluster_58,64,52,12,0.25,0.9615384615384616,4.4326923076923075,1.1592119383643469,MPSCORE_09441,0.03125,3.671875,20.28125,1.71875,1.0,0.8125,high rings (3.7 vs global 2.0); low stereocenters (0.0 vs global 1.3); high aromatic rings (3.6 vs global 1.0); low bridgeheads (0.0 vs global 0.2),MPSCORE_09441;MPSCORE_10503;MPSCORE_06438;MPSCORE_09434;MPSCORE_00289,FUNCTIONAL_GROUP_REACTIVE:110;FUNCTIONAL_GROUP_DENSE:7;RING_FUSED_DENSE:4;SIZE_LARGE_MOLECULAR_WEIGHT:3;STEREO_CENTER_COUNT:2,0.2906008877455375,0.10734840929517998,0.002975233794369517,0.1826006178574627
fp_cluster_27,45,28,17,0.23529411764705882,0.7857142857142857,4.171945701357466,0.947241755349152,MPSCORE_08310,2.0,2.533333333333333,20.444444444444443,1.2444444444444445,1.0,0.6222222222222222,high stereocenters (2.0 vs global 1.3); high aromatic rings (2.5 vs global 1.0); low reactive FG count (1.2 vs global 2.1); low bridgeheads (0.0 vs global 0.2),MPSCORE_08310;MPSCORE_04762;MPSCORE_04761;MPSCORE_04763;MPSCORE_09326,FUNCTIONAL_GROUP_REACTIVE:56;STEREO_CENTER_COUNT:45;FUNCTIONAL_GROUP_DENSE:5;SIZE_LARGE_MOLECULAR_WEIGHT:3,0.18890918221662834,0.13927165757784848,0.18121123126459945,0.14958619856746674
fp_cluster_37,38,33,5,0.2,0.42424242424242425,3.5461538461538464,0.5114583582601482,MPSCORE_10141,3.736842105263158,4.2105263157894735,17.526315789473685,1.0,1.0,0.868421052631579,high rings (4.2 vs global 2.0); high stereocenters (3.7 vs global 1.3); high aromatic rings (1.6 vs global 1.0); low reactive FG count (1.0 vs global 2.1); high bridgeheads (1.5 vs global 0.2),MPSCORE_10141;MPSCORE_08131;MPSCORE_00227;MPSCORE_00221;MPSCORE_06178,FUNCTIONAL_GROUP_REACTIVE:38;STEREO_CENTER_COUNT:37;RING_BRIDGED_COMPLEXITY:28;STEREO_DENSITY_HIGH:6,0.3142409562376094,0.096002581345856,0.21923875465026102,0.105154917862676
fp_cluster_38,92,77,15,0.13333333333333333,0.6233766233766234,2.364102564102564,0.7515306488720545,MPSCORE_05326,2.0434782608695654,4.489130434782608,21.141304347826086,1.1630434782608696,1.0,0.8369565217391305,high rings (4.5 vs global 2.0); high stereocenters (2.0 vs global 1.3); high aromatic rings (2.5 vs global 1.0); low reactive FG count (1.2 vs global 2.1); high bridgeheads (0.9 vs global 0.2),MPSCORE_05326;MPSCORE_05325;MPSCORE_05321;MPSCORE_05739;MPSCORE_04857,FUNCTIONAL_GROUP_REACTIVE:107;STEREO_CENTER_COUNT:75;RING_BRIDGED_COMPLEXITY:40;SIZE_LARGE_MOLECULAR_WEIGHT:5,0.29888076619221415,0.10478242523687648,0.1522644906838722,0.1434136783403882
fp_cluster_52,60,46,14,0.07142857142857142,1.0,1.2664835164835164,1.2055804158989207,MPSCORE_05344,0.03333333333333333,1.7666666666666666,12.616666666666667,1.1833333333333333,1.0,0.7666666666666667,low stereocenters (0.0 vs global 1.3); high aromatic rings (1.6 vs global 1.0); low reactive FG count (1.2 vs global 2.1); low bridgeheads (0.0 vs global 0.2),MPSCORE_05344;MPSCORE_04160;MPSCORE_09730;MPSCORE_04161;MPSCORE_04221,FUNCTIONAL_GROUP_REACTIVE:71;SIZE_LARGE_MOLECULAR_WEIGHT:1;RING_BRIDGED_COMPLEXITY:1;FUNCTIONAL_GROUP_DENSE:1,0.1460314518889992,0.0879675842105849,0.0,0.0952839400009687
fp_cluster_39,223,206,17,0.058823529411764705,0.7815533980582524,1.0429864253393666,0.9422254706782827,MPSCORE_05798,2.201793721973094,2.484304932735426,12.443946188340806,1.4663677130044843,1.0,0.9237668161434978,high stereocenters (2.2 vs global 1.3); low aromatic rings (0.0 vs global 1.0); high bridgeheads (1.4 vs global 0.2),MPSCORE_05798;MPSCORE_05795;MPSCORE_05796;MPSCORE_05797;MPSCORE_05743,FUNCTIONAL_GROUP_REACTIVE:327;RING_BRIDGED_COMPLEXITY:85;STEREO_CENTER_COUNT:65;RING_FUSED_DENSE:6;STEREO_DENSITY_HIGH:3,0.2245034626358986,0.0870139309714806,0.07253626699680547,0.1418242993783637
fp_cluster_43,1157,1056,101,0.04950495049504951,0.7395833333333334,0.8777608530083778,0.8916271825919102,MPSCORE_03575,4.006050129645636,1.5004321521175454,12.6447709593777,1.2618841832324978,1.0,0.9127052722558341,high stereocenters (4.0 vs global 1.3); low aromatic rings (0.0 vs global 1.0); low reactive FG count (1.3 vs global 2.1),MPSCORE_03575;MPSCORE_09132;MPSCORE_09093;MPSCORE_03545;MPSCORE_07331,FUNCTIONAL_GROUP_REACTIVE:1460;STEREO_CENTER_COUNT:998;STEREO_DENSITY_HIGH:594;RING_BRIDGED_COMPLEXITY:121;RING_MACROCYCLE:62,0.1536825176827654,0.08739041304857306,0.2879190844886271,0.13105016089119176
fp_cluster_54,568,440,128,0.0234375,0.9931818181818182,0.41556490384615385,1.1973605494268826,MPSCORE_04169,0.01584507042253521,1.4242957746478873,13.84330985915493,1.8961267605633803,0.9976528169014084,0.7746478873239436,low stereocenters (0.0 vs global 1.3); low bridgeheads (0.0 vs global 0.2),MPSCORE_04169;MPSCORE_09509;MPSCORE_04218;MPSCORE_04269;MPSCORE_01089,FUNCTIONAL_GROUP_REACTIVE:1077;FUNCTIONAL_GROUP_DENSE:105;SIZE_LARGE_MOLECULAR_WEIGHT:10;RING_MACROCYCLE:6;STEREO_CENTER_COUNT:5,0.13403535869632757,0.09329238819403211,0.0014336642017779217,0.18670076810712327
