connectivity,id_a,id_b,smiles_a,smiles_b,expert_label_a,expert_label_b,n_raters_a,n_raters_b,category,yomitoki_difficulty_a,yomitoki_difficulty_b
BrC=CBr,MPSCORE_00006,MPSCORE_00011,Br/C=C/Br,Br/C=C\Br,1,0,1,1,no_shared_stereocenters,0.0808337018996486,0.0808337018996486
BrC(c1ccccc1)C(Br)c1ccccc1,MPSCORE_00180,MPSCORE_00233,Br[C@@H](c1ccccc1)[C@@H](Br)c1ccccc1,Br[C@H](c1ccccc1)[C@@H](Br)c1ccccc1,0,1,1,1,diastereomer_relative_configuration_differs,0.3120263105729484,0.3120263105729484
BrC1CCCCC1Br,MPSCORE_00191,MPSCORE_00238,Br[C@@H]1CCCC[C@@H]1Br,Br[C@H]1CCCC[C@@H]1Br,0,1,2,1,diastereomer_relative_configuration_differs,0.2683960191283165,0.2683960191283165
BrC1CCCCC1Br,MPSCORE_00194,MPSCORE_00238,Br[C@@H]1CCCC[C@H]1Br,Br[C@H]1CCCC[C@@H]1Br,0,1,1,1,enantiomer_like_full_inversion,0.2683960191283165,0.2683960191283165
BrC1CCCC1Br,MPSCORE_00195,MPSCORE_00199,Br[C@@H]1CCC[C@@H]1Br,Br[C@@H]1CCC[C@H]1Br,0,1,1,1,diastereomer_relative_configuration_differs,0.2722956905455381,0.2722956905455381
BrC1CCCC1Br,MPSCORE_00199,MPSCORE_00239,Br[C@@H]1CCC[C@H]1Br,Br[C@H]1CCC[C@@H]1Br,1,0,1,2,enantiomer_like_full_inversion,0.2722956905455381,0.2722956905455381
Brc1ccc(C23CC4CC(C2)CC(c2ccc(Br)cc2)(C4)C3)cc1,MPSCORE_00376,MPSCORE_00387,Brc1ccc(C23CC4(c5ccc(Br)cc5)C[C@H](C2)C[C@H](C3)C4)cc1,Brc1ccc([C@]23C[C@H]4C[C@H](C[C@](c5ccc(Br)cc5)(C4)C2)C3)cc1,1,0,1,1,stereo_annotation_completeness_only,0.4561378873332894,0.4561378873332893
CC=c1c2c(c(=CC)c3c1CC(Br)CC3)CC(Br)CC2,MPSCORE_00681,MPSCORE_00686,C/C=c1\c2c(/c(=C/C)c3c1C[C@H](Br)CC3)C[C@H](Br)CC2,C/C=c1\c2c(/c(=C\C)c3c1CC[C@@H](Br)C3)CC[C@@H](Br)C2,1,0,1,1,identical_stereo_but_grouped,0.4925666854632737,0.4925666854632737
CC(C)(C)C1CC=C(C=O)C(CC=O)C1,MPSCORE_01099,MPSCORE_01115,CC(C)(C)[C@@H]1CC=C(C=O)[C@@H](CC=O)C1,CC(C)(C)[C@H]1CC=C(C=O)[C@@H](CC=O)C1,0,1,1,1,diastereomer_relative_configuration_differs,0.3088303713729201,0.3088303713729201
CC(C)C(Cl)CCl,MPSCORE_01311,MPSCORE_01332,CC(C)[C@@H](Cl)CCl,CC(C)[C@H](Cl)CCl,0,1,1,1,enantiomer_like_full_inversion,0.1227344929639921,0.1227344929639921
CC1(C)OC(CC=O)C(CC=O)O1,MPSCORE_02018,MPSCORE_02019,CC1(C)O[C@@H](CC=O)[C@@H](CC=O)O1,CC1(C)O[C@@H](CC=O)[C@H](CC=O)O1,0,1,1,1,diastereomer_relative_configuration_differs,0.3554644314740571,0.3554644314740571
CC1(C)OC(CN)C(CN)O1,MPSCORE_02024,MPSCORE_02025,CC1(C)O[C@@H](CN)[C@@H](CN)O1,CC1(C)O[C@@H](CN)[C@H](CN)O1,0,1,1,1,diastereomer_relative_configuration_differs,0.2881585586143537,0.2881585586143537
CC1(C)OC(CN)C(CN)O1,MPSCORE_02025,MPSCORE_02053,CC1(C)O[C@@H](CN)[C@H](CN)O1,CC1(C)O[C@H](CN)[C@@H](CN)O1,1,0,1,1,enantiomer_like_full_inversion,0.2881585586143537,0.2881585586143537
CC1(CO)CCC(CO)C1(C)C,MPSCORE_02077,MPSCORE_02078,CC1(C)[C@@H](CO)CC[C@@]1(C)CO,CC1(C)[C@@H](CO)CC[C@]1(C)CO,0,1,1,2,diastereomer_relative_configuration_differs,0.2487171954438279,0.2487171954438279
CC1=C(C)CC(C=O)C(C=O)C1,MPSCORE_02178,MPSCORE_02180,CC1=C(C)C[C@@H](C=O)[C@H](C=O)C1,CC1=C(C)C[C@H](C=O)[C@H](C=O)C1,1,0,1,1,diastereomer_relative_configuration_differs,0.2772040000261975,0.2772040000261975
CC1=CC(CO)=CC(C)=CC(CO)=C1,MPSCORE_02260,MPSCORE_02279,CC1=C/C(CO)=C\C(C)=C/C(CO)=C1,CC1=CC(CO)=C/C(C)=C\C(CO)=C1,0,1,1,1,no_shared_stereocenters,0.1786707148111628,0.1786707148111628
CCC(Br)C(Br)CC,MPSCORE_02487,MPSCORE_02546,CC[C@@H](Br)[C@@H](Br)CC,CC[C@H](Br)[C@@H](Br)CC,1,0,1,1,diastereomer_relative_configuration_differs,0.189817137392444,0.189817137392444
CCC(N)(CN)c1ccccc1,MPSCORE_02524,MPSCORE_02580,CC[C@@](N)(CN)c1ccccc1,CC[C@](N)(CN)c1ccccc1,0,1,1,1,enantiomer_like_full_inversion,0.2154767778362487,0.2154767778362487
COC1C=CC(OC)C(N)C1N,MPSCORE_02962,MPSCORE_02999,CO[C@@H]1C=C[C@@H](OC)[C@H](N)[C@H]1N,CO[C@H]1C=C[C@@H](OC)[C@H](N)[C@H]1N,1,0,1,1,diastereomer_relative_configuration_differs,0.3395319107078466,0.3395319107078466
COC1C=CC(OC)C(N)C1N,MPSCORE_02962,MPSCORE_03000,CO[C@@H]1C=C[C@@H](OC)[C@H](N)[C@H]1N,CO[C@H]1C=C[C@H](OC)[C@@H](N)[C@@H]1N,1,0,1,1,enantiomer_like_full_inversion,0.3395319107078466,0.3395319107078466
COc1ccc(C(N)CN)cc1,MPSCORE_03283,MPSCORE_03288,COc1ccc([C@@H](N)CN)cc1,COc1ccc([C@H](N)CN)cc1,0,1,1,1,enantiomer_like_full_inversion,0.26178388396518,0.26178388396518
CC(C=O)C(C=O)c1ccccc1,MPSCORE_03409,MPSCORE_03774,C[C@@H](C=O)[C@@H](C=O)c1ccccc1,C[C@H](C=O)[C@H](C=O)c1ccccc1,1,0,1,1,enantiomer_like_full_inversion,0.2871420268061063,0.2871420268061063
CC(C=O)C(C=O)c1ccccc1,MPSCORE_03770,MPSCORE_03774,C[C@H](C=O)[C@@H](C=O)c1ccccc1,C[C@H](C=O)[C@H](C=O)c1ccccc1,1,0,2,1,diastereomer_relative_configuration_differs,0.2871420268061063,0.2871420268061063
CC(CN)C(C)CN,MPSCORE_03429,MPSCORE_03792,C[C@@H](CN)[C@@H](C)CN,C[C@H](CN)[C@@H](C)CN,0,1,1,1,diastereomer_relative_configuration_differs,0.1951075291069054,0.1951075291069054
CC(CO)C(CO)C(=O)O,MPSCORE_03439,MPSCORE_03800,C[C@@H](CO)[C@H](CO)C(=O)O,C[C@H](CO)[C@@H](CO)C(=O)O,0,1,1,1,enantiomer_like_full_inversion,0.2144690922173008,0.2144690922173008
CC(CO)C(CO)C(=O)O,MPSCORE_03439,MPSCORE_03801,C[C@@H](CO)[C@H](CO)C(=O)O,C[C@H](CO)[C@H](CO)C(=O)O,0,1,1,1,diastereomer_relative_configuration_differs,0.2144690922173008,0.2144690922173008
CC(N)CCCN,MPSCORE_03478,MPSCORE_03866,C[C@@H](N)CCCN,C[C@H](N)CCCN,1,0,1,1,enantiomer_like_full_inversion,0.1431531735319013,0.1431531735319013
CC(N)C(N)C(=O)O,MPSCORE_03484,MPSCORE_03878,C[C@@H](N)[C@@H](N)C(=O)O,C[C@H](N)[C@@H](N)C(=O)O,0,1,1,1,diastereomer_relative_configuration_differs,0.1989548934859525,0.1989548934859525
CC(N)C(N)C(=O)O,MPSCORE_03487,MPSCORE_03878,C[C@@H](N)[C@H](N)C(=O)O,C[C@H](N)[C@@H](N)C(=O)O,0,1,1,1,enantiomer_like_full_inversion,0.1989548934859525,0.1989548934859525
CC(N)C(N)C(=O)O,MPSCORE_03878,MPSCORE_03883,C[C@H](N)[C@@H](N)C(=O)O,C[C@H](N)[C@H](N)C(=O)O,1,0,1,1,diastereomer_relative_configuration_differs,0.1989548934859525,0.1989548934859525
CC(N)C(N)c1ccccc1,MPSCORE_03485,MPSCORE_03488,C[C@@H](N)[C@@H](N)c1ccccc1,C[C@@H](N)[C@H](N)c1ccccc1,1,0,1,1,diastereomer_relative_configuration_differs,0.2586588746712396,0.2586588746712396
CC(N)C(N)c1ccccc1,MPSCORE_03485,MPSCORE_03880,C[C@@H](N)[C@@H](N)c1ccccc1,C[C@H](N)[C@@H](N)c1ccccc1,1,0,1,2,diastereomer_relative_configuration_differs,0.2586588746712396,0.2586588746712396
CC(N)C(N)c1ccccc1,MPSCORE_03485,MPSCORE_03885,C[C@@H](N)[C@@H](N)c1ccccc1,C[C@H](N)[C@H](N)c1ccccc1,1,0,1,1,enantiomer_like_full_inversion,0.2586588746712396,0.2586588746712396
CC(N)c1ccc(-c2ccc(C(C)N)cc2)cc1,MPSCORE_03491,MPSCORE_03888,C[C@@H](N)c1ccc(-c2ccc([C@@H](C)N)cc2)cc1,C[C@H](N)c1ccc(-c2ccc([C@@H](C)N)cc2)cc1,0,1,2,1,diastereomer_relative_configuration_differs,0.3184604983423538,0.3184604983423538
CC(N)(CN)C(=O)O,MPSCORE_03660,MPSCORE_04043,C[C@@](N)(CN)C(=O)O,C[C@](N)(CN)C(=O)O,1,0,1,1,enantiomer_like_full_inversion,0.1454329709274549,0.1454329709274549
CC(N)(CN)Cc1ccccc1,MPSCORE_03662,MPSCORE_04045,C[C@@](N)(CN)Cc1ccccc1,C[C@](N)(CN)Cc1ccccc1,0,1,1,1,enantiomer_like_full_inversion,0.2154767778362487,0.2154767778362487
CC(N)(CN)c1ccccc1,MPSCORE_03663,MPSCORE_04046,C[C@@](N)(CN)c1ccccc1,C[C@](N)(CN)c1ccccc1,1,0,1,1,enantiomer_like_full_inversion,0.2097679606103966,0.2097679606103966
CC(N)(c1ccc(Cl)cc1)C(N)c1ccc(Cl)cc1,MPSCORE_03664,MPSCORE_04048,C[C@@](N)(c1ccc(Cl)cc1)[C@@H](N)c1ccc(Cl)cc1,C[C@](N)(c1ccc(Cl)cc1)[C@H](N)c1ccc(Cl)cc1,1,0,1,1,enantiomer_like_full_inversion,0.3670121354177948,0.3670121354177948
CC(N)(c1ccc(Cl)cc1)C(N)c1ccc(Cl)cc1,MPSCORE_03665,MPSCORE_04048,C[C@@](N)(c1ccc(Cl)cc1)[C@H](N)c1ccc(Cl)cc1,C[C@](N)(c1ccc(Cl)cc1)[C@H](N)c1ccc(Cl)cc1,1,0,1,1,diastereomer_relative_configuration_differs,0.3670121354177948,0.3670121354177948
CC12c3ccc(C=O)cc3C3(C)c4ccc(C=O)cc4C(C)(c4cc(C=O)ccc41)C23C,MPSCORE_03718,MPSCORE_03719,C[C@@]12c3ccc(C=O)cc3[C@@]3(C)c4cc(C=O)ccc4[C@@](C)(c4cc(C=O)ccc41)[C@@]23C,C[C@@]12c3ccc(C=O)cc3[C@]3(C)c4cc(C=O)ccc4[C@](C)(c4cc(C=O)ccc41)[C@]23C,0,1,1,1,diastereomer_relative_configuration_differs,0.6153474282588413,0.6153474282588413
CC(C(=O)O)N(C(C)C(=O)O)C(C)C(=O)O,MPSCORE_03750,MPSCORE_03751,C[C@H](C(=O)O)N([C@@H](C)C(=O)O)[C@@H](C)C(=O)O,C[C@H](C(=O)O)N([C@H](C)C(=O)O)[C@@H](C)C(=O)O,0,1,1,1,diastereomer_relative_configuration_differs,0.2249899193717849,0.2249899193717849
CC(C=O)CC(C)C=O,MPSCORE_03765,MPSCORE_03766,C[C@H](C=O)C[C@@H](C)C=O,C[C@H](C=O)C[C@H](C)C=O,0,1,1,1,diastereomer_relative_configuration_differs,0.1976014431180988,0.1976014431180988
CC(N)CCC(C)N,MPSCORE_03868,MPSCORE_03869,C[C@H](N)CC[C@@H](C)N,C[C@H](N)CC[C@H](C)N,1,0,1,1,diastereomer_relative_configuration_differs,0.1951075291069054,0.1951075291069054
CC(N)c1ccc(C(C)N)cc1,MPSCORE_03889,MPSCORE_03890,C[C@H](N)c1ccc([C@@H](C)N)cc1,C[C@H](N)c1ccc([C@H](C)N)cc1,1,0,1,1,diastereomer_relative_configuration_differs,0.2769859032796301,0.2769859032796301
Cc1cc(C)c(C(Br)C(Br)c2c(C)cc(C)cc2C)c(C)c1,MPSCORE_04417,MPSCORE_04422,Cc1cc(C)c([C@@H](Br)[C@H](Br)c2c(C)cc(C)cc2C)c(C)c1,Cc1cc(C)c([C@H](Br)[C@@H](Br)c2c(C)cc(C)cc2C)c(C)c1,0,1,1,1,enantiomer_like_full_inversion,0.3150712337136103,0.3150712337136103
Cc1cc(C)c(C(C(=O)O)C(C(=O)O)c2c(C)cc(C)cc2C)c(C)c1,MPSCORE_04418,MPSCORE_04423,Cc1cc(C)c([C@@H](C(=O)O)[C@@H](C(=O)O)c2c(C)cc(C)cc2C)c(C)c1,Cc1cc(C)c([C@H](C(=O)O)[C@@H](C(=O)O)c2c(C)cc(C)cc2C)c(C)c1,0,1,1,1,diastereomer_relative_configuration_differs,0.3349828506599273,0.3349828506599273
Cc1cc(C)c(C(C=O)C(C=O)c2c(C)cc(C)cc2C)c(C)c1,MPSCORE_04419,MPSCORE_04424,Cc1cc(C)c([C@@H](C=O)[C@@H](C=O)c2c(C)cc(C)cc2C)c(C)c1,Cc1cc(C)c([C@H](C=O)[C@@H](C=O)c2c(C)cc(C)cc2C)c(C)c1,1,0,1,1,diastereomer_relative_configuration_differs,0.3328224976662888,0.3328224976662888
Cc1ccc(C(CO)C(CO)c2ccc(C)cc2)cc1,MPSCORE_04649,MPSCORE_04660,Cc1ccc([C@@H](CO)[C@H](CO)c2ccc(C)cc2)cc1,Cc1ccc([C@H](CO)[C@@H](CO)c2ccc(C)cc2)cc1,0,1,1,1,enantiomer_like_full_inversion,0.3011001165518734,0.3011001165518734
ClC1CCCC(Cl)CCCC(Cl)CCC1,MPSCORE_05084,MPSCORE_05087,Cl[C@H]1CCC[C@@H](Cl)CCC[C@@H](Cl)CCC1,Cl[C@H]1CCC[C@H](Cl)CCC[C@@H](Cl)CCC1,1,0,1,1,enantiomer_like_full_inversion,0.3334896242122507,0.3334896242122507
FC1CCCC(F)C1,MPSCORE_05706,MPSCORE_05708,F[C@@H]1CCC[C@@H](F)C1,F[C@@H]1CCC[C@H](F)C1,0,1,1,1,diastereomer_relative_configuration_differs,0.2445715333921376,0.2445715333921376
FC1CCCC(F)C1,MPSCORE_05706,MPSCORE_05768,F[C@@H]1CCC[C@@H](F)C1,F[C@H]1CCC[C@H](F)C1,0,1,1,1,enantiomer_like_full_inversion,0.2445715333921376,0.2445715333921376
FC(c1ccc(C(F)(F)F)cc1)C(F)c1ccc(C(F)(F)F)cc1,MPSCORE_05750,MPSCORE_05751,F[C@H](c1ccc(C(F)(F)F)cc1)[C@@H](F)c1ccc(C(F)(F)F)cc1,F[C@H](c1ccc(C(F)(F)F)cc1)[C@H](F)c1ccc(C(F)(F)F)cc1,1,0,1,1,diastereomer_relative_configuration_differs,0.3163973249539324,0.3163973249539324
FC12CCCCC1(F)CCCC2,MPSCORE_05795,MPSCORE_05796,F[C@]12CCCC[C@@]1(F)CCCC2,F[C@]12CCCC[C@]1(F)CCCC2,1,0,1,1,enantiomer_like_full_inversion,0.2795528221845751,0.2795528221845751
Fc1ccc(C(I)C(I)c2ccc(F)cc2)cc1,MPSCORE_05952,MPSCORE_05953,Fc1ccc([C@@H](I)[C@@H](I)c2ccc(F)cc2)cc1,Fc1ccc([C@@H](I)[C@H](I)c2ccc(F)cc2)cc1,1,0,1,1,diastereomer_relative_configuration_differs,0.3603327851550132,0.3603327851550132
IC=CC=CI,MPSCORE_06058,MPSCORE_06128,I/C=C\C=C/I,IC=C/C=C/I,1,0,2,1,no_shared_stereocenters,0.1421959281280072,0.1421959281280072
IC12CCC(I)(c3ccccc31)c1ccccc12,MPSCORE_06073,MPSCORE_06301,IC12CCC(I)(c3ccccc31)c1ccccc12,I[C@]12CC[C@](I)(c3ccccc31)c1ccccc12,0,1,1,1,stereo_annotation_completeness_only,0.4309703906972566,0.4309703906972566
IC12CCCCC1(I)CCCC2,MPSCORE_06074,MPSCORE_06299,IC12CCCCC1(I)CCCC2,I[C@]12CCCC[C@@]1(I)CCCC2,0,1,1,1,stereo_annotation_completeness_only,0.3341060739746472,0.3341060739746472
ICC(I)Cc1ccccc1,MPSCORE_06156,MPSCORE_06166,IC[C@@H](I)Cc1ccccc1,IC[C@H](I)Cc1ccccc1,1,0,1,1,enantiomer_like_full_inversion,0.2388205695080375,0.2388205695080375
IC(C1CCCCC1)C(I)C1CCCCC1,MPSCORE_06218,MPSCORE_06264,I[C@@H](C1CCCCC1)[C@@H](I)C1CCCCC1,I[C@H](C1CCCCC1)[C@H](I)C1CCCCC1,1,0,1,1,enantiomer_like_full_inversion,0.322844092116196,0.322844092116196
IC1Cc2ccccc2C1I,MPSCORE_06244,MPSCORE_06256,I[C@@H]1Cc2ccccc2[C@@H]1I,I[C@@H]1c2ccccc2C[C@@H]1I,1,0,1,1,enantiomer_like_full_inversion,0.4412390725910447,0.4412390725910447
N#CC(N)=C(N)C#N,MPSCORE_06487,MPSCORE_06490,N#C/C(N)=C(/N)C#N,N#C/C(N)=C(\N)C#N,0,1,1,1,no_shared_stereocenters,0.1223047643437456,0.1223047643437456
NC(=CO)C(N)=CO,MPSCORE_06991,MPSCORE_06992,NC(=C\O)/C(N)=C/O,NC(=C\O)/C(N)=C\O,1,0,1,1,no_shared_stereocenters,0.1289862096028577,0.1289862096028577
NCC=CCN,MPSCORE_07033,MPSCORE_07036,NC/C=C/CN,NC/C=C\CN,0,1,1,1,no_shared_stereocenters,0.0716550282668194,0.0716550282668194
NC12C3C4C1C1C2C3C41N,MPSCORE_07041,MPSCORE_07541,NC12[C@H]3[C@H]4[C@@H]1[C@H]1[C@@H]2[C@@H]3C41N,N[C@]12[C@@H]3[C@@H]4[C@H]1[C@@H]1[C@H]2[C@H]3[C@]41N,1,0,1,1,stereo_annotation_completeness_only,0.612322038898918,0.612322038898918
NCCC(N)C(=O)O,MPSCORE_07155,MPSCORE_07160,NCC[C@@H](N)C(=O)O,NCC[C@H](N)C(=O)O,1,0,1,2,enantiomer_like_full_inversion,0.1687137552993759,0.1687137552993759
NCC(N)c1ccccc1,MPSCORE_07178,MPSCORE_07223,NC[C@@H](N)c1ccccc1,NC[C@H](N)c1ccccc1,0,1,1,1,enantiomer_like_full_inversion,0.2098186791000898,0.2098186791000898
NCC1CCC(CN)O1,MPSCORE_07188,MPSCORE_07191,NC[C@@H]1CC[C@@H](CN)O1,NC[C@@H]1CC[C@H](CN)O1,1,0,1,1,diastereomer_relative_configuration_differs,0.2627734635156762,0.2627734635156762
NC(CS)C(N)CS,MPSCORE_07320,MPSCORE_07429,N[C@@H](CS)[C@@H](N)CS,N[C@H](CS)[C@@H](N)CS,0,1,1,1,diastereomer_relative_configuration_differs,0.2082946218641348,0.2082946218641348
NC(CS)C(N)CS,MPSCORE_07429,MPSCORE_07430,N[C@H](CS)[C@@H](N)CS,N[C@H](CS)[C@H](N)CS,1,0,1,1,diastereomer_relative_configuration_differs,0.2082946218641348,0.2082946218641348
NC1CCC(N)C1,MPSCORE_07347,MPSCORE_07473,N[C@@H]1CC[C@@H](N)C1,N[C@H]1CC[C@H](N)C1,1,0,1,2,enantiomer_like_full_inversion,0.2768768209954133,0.2768768209954133
NC1CCC(N)C1,MPSCORE_07350,MPSCORE_07473,N[C@@H]1CC[C@H](N)C1,N[C@H]1CC[C@H](N)C1,1,0,1,2,diastereomer_relative_configuration_differs,0.2768768209954133,0.2768768209954133
NC1COC(=O)C(N)COC(=O)C(N)COC1=O,MPSCORE_07357,MPSCORE_07478,N[C@@H]1COC(=O)[C@@H](N)COC(=O)[C@@H](N)COC1=O,N[C@H]1COC(=O)[C@@H](N)COC(=O)[C@@H](N)COC1=O,0,1,1,1,diastereomer_relative_configuration_differs,0.4554173894898287,0.4554173894898287
NC1CSSCC1N,MPSCORE_07363,MPSCORE_07484,N[C@@H]1CSSC[C@H]1N,N[C@H]1CSSC[C@@H]1N,1,0,1,2,enantiomer_like_full_inversion,0.2864110243856375,0.2864110243856375
NC1CC(N)C(O)C(O)C1O,MPSCORE_07374,MPSCORE_07380,N[C@@H]1C[C@H](N)[C@@H](O)[C@@H](O)[C@@H]1O,N[C@@H]1C[C@H](N)[C@H](O)[C@@H](O)[C@H]1O,1,0,1,1,diastereomer_relative_configuration_differs,0.3309879885143969,0.3309879885143969
NC1CC(N)C(O)C(O)C1O,MPSCORE_07375,MPSCORE_07380,N[C@@H]1C[C@H](N)[C@@H](O)[C@H](O)[C@H]1O,N[C@@H]1C[C@H](N)[C@H](O)[C@@H](O)[C@H]1O,1,0,1,1,diastereomer_relative_configuration_differs,0.3309879885143969,0.3309879885143969
NC1CC(N)C(O)C(O)C1O,MPSCORE_07380,MPSCORE_07381,N[C@@H]1C[C@H](N)[C@H](O)[C@@H](O)[C@H]1O,N[C@@H]1C[C@H](N)[C@H](O)[C@H](O)[C@@H]1O,0,1,1,1,diastereomer_relative_configuration_differs,0.3309879885143969,0.3309879885143969
NC1CC(N)C(O)C(O)C1O,MPSCORE_07380,MPSCORE_07494,N[C@@H]1C[C@H](N)[C@H](O)[C@@H](O)[C@H]1O,N[C@H]1C[C@H](N)[C@@H](O)C(O)[C@@H]1O,0,1,1,2,diastereomer_relative_configuration_differs,0.3309879885143969,0.3309879885143969
NC1CC(N)C(OC2OC(CO)C(O)C(O)C2N)C(O)C1O,MPSCORE_07410,MPSCORE_07508,N[C@@H]1[C@H](O[C@@H]2[C@@H](O)[C@H](O)[C@H](N)C[C@H]2N)O[C@H](CO)[C@H](O)[C@@H]1O,N[C@H]1[C@@H](O[C@@H]2[C@@H](O)[C@@H](O)[C@@H](N)C[C@H]2N)O[C@@H](CO)[C@H](O)[C@@H]1O,0,1,1,1,diastereomer_relative_configuration_differs,0.5566571877021533,0.5566571877021533
NC1CC(N)C(OC2OC(CO)C(O)C(O)C2N)C(O)C1O,MPSCORE_07410,MPSCORE_07509,N[C@@H]1[C@H](O[C@@H]2[C@@H](O)[C@H](O)[C@H](N)C[C@H]2N)O[C@H](CO)[C@H](O)[C@@H]1O,N[C@H]1[C@@H](O[C@@H]2[C@@H](O)[C@H](O)[C@H](N)C[C@H]2N)O[C@H](CO)[C@@H](O)[C@@H]1O,0,1,1,1,diastereomer_relative_configuration_differs,0.5566571877021533,0.5566571877021533
NC1CC(N)C(OC2OC(CO)C(O)C(O)C2N)C(O)C1O,MPSCORE_07410,MPSCORE_07510,N[C@@H]1[C@H](O[C@@H]2[C@@H](O)[C@H](O)[C@H](N)C[C@H]2N)O[C@H](CO)[C@H](O)[C@@H]1O,N[C@H]1[C@@H](O[C@@H]2[C@H](O)[C@@H](O)[C@H](N)C[C@@H]2N)O[C@H](CO)[C@@H](O)[C@@H]1O,0,1,1,1,diastereomer_relative_configuration_differs,0.5566571877021533,0.5566571877021533
NC1CC(N)C(OC2OC(CO)C(O)C(O)C2N)C(O)C1O,MPSCORE_07410,MPSCORE_07511,N[C@@H]1[C@H](O[C@@H]2[C@@H](O)[C@H](O)[C@H](N)C[C@H]2N)O[C@H](CO)[C@H](O)[C@@H]1O,N[C@H]1[C@@H](O[C@H]2[C@@H](O)[C@H](O)[C@@H](N)C[C@H]2N)O[C@H](CO)[C@H](O)[C@H]1O,0,1,1,1,diastereomer_relative_configuration_differs,0.5566571877021533,0.5566571877021533
NC1CC(N)C(OC2OC(CO)C(O)C(O)C2N)C(O)C1O,MPSCORE_07410,MPSCORE_07512,N[C@@H]1[C@H](O[C@@H]2[C@@H](O)[C@H](O)[C@H](N)C[C@H]2N)O[C@H](CO)[C@H](O)[C@@H]1O,N[C@H]1[C@@H](O[C@H]2[C@@H](O)[C@H](O)[C@H](N)C[C@@H]2N)O[C@@H](CO)[C@H](O)[C@H]1O,0,1,1,1,diastereomer_relative_configuration_differs,0.5566571877021533,0.5566571877021533
NC1CC(N)C(OC2OC(CO)C(O)C(O)C2N)C(O)C1O,MPSCORE_07410,MPSCORE_07513,N[C@@H]1[C@H](O[C@@H]2[C@@H](O)[C@H](O)[C@H](N)C[C@H]2N)O[C@H](CO)[C@H](O)[C@@H]1O,N[C@H]1[C@@H](O[C@H]2[C@H](O)[C@@H](O)[C@H](N)C[C@@H]2N)O[C@H](CO)[C@@H](O)[C@@H]1O,0,1,1,1,diastereomer_relative_configuration_differs,0.5566571877021533,0.5566571877021533
NC1CC(N)C(OC2OC(CO)C(O)C(O)C2N)C(O)C1O,MPSCORE_07410,MPSCORE_07521,N[C@@H]1[C@H](O[C@@H]2[C@@H](O)[C@H](O)[C@H](N)C[C@H]2N)O[C@H](CO)[C@H](O)[C@@H]1O,N[C@H]1[C@H](O[C@@H]2[C@H](O)[C@H](O)[C@@H](N)C[C@@H]2N)O[C@@H](CO)[C@H](O)[C@H]1O,0,1,1,1,diastereomer_relative_configuration_differs,0.5566571877021533,0.5566571877021533
NC1CC(N)C(OC2OC(CO)C(O)C(O)C2N)C(O)C1O,MPSCORE_07410,MPSCORE_07522,N[C@@H]1[C@H](O[C@@H]2[C@@H](O)[C@H](O)[C@H](N)C[C@H]2N)O[C@H](CO)[C@H](O)[C@@H]1O,N[C@H]1[C@H](O[C@H]2[C@H](O)[C@H](O)[C@H](N)C[C@H]2N)O[C@@H](CO)[C@H](O)[C@@H]1O,0,1,1,1,diastereomer_relative_configuration_differs,0.5566571877021533,0.5566571877021533
NC1C2c3ccccc3C(c3ccccc32)C1N,MPSCORE_07412,MPSCORE_07413,N[C@@H]1[C@H]2c3ccccc3[C@H](c3ccccc32)[C@@H]1N,N[C@@H]1[C@H]2c3ccccc3[C@H](c3ccccc32)[C@H]1N,1,0,1,1,diastereomer_relative_configuration_differs,0.4802596721576131,0.4802596721576131
NC1C2c3ccccc3C(c3ccccc32)C1N,MPSCORE_07412,MPSCORE_07527,N[C@@H]1[C@H]2c3ccccc3[C@H](c3ccccc32)[C@@H]1N,N[C@H]1[C@H]2c3ccccc3[C@H](c3ccccc32)[C@@H]1N,1,0,1,1,diastereomer_relative_configuration_differs,0.4802596721576131,0.4802596721576131
NC(c1c(Cl)cc(O)cc1Cl)C(N)c1c(Cl)cc(O)cc1Cl,MPSCORE_07433,MPSCORE_07434,N[C@H](c1c(Cl)cc(O)cc1Cl)[C@@H](N)c1c(Cl)cc(O)cc1Cl,N[C@H](c1c(Cl)cc(O)cc1Cl)[C@H](N)c1c(Cl)cc(O)cc1Cl,1,0,1,1,diastereomer_relative_configuration_differs,0.4515499254413553,0.4515499254413553
NC1CCC(CC2CCC(N)CC2)CC1,MPSCORE_07471,MPSCORE_07472,N[C@H]1CC[C@H](C[C@H]2CC[C@@H](N)CC2)CC1,N[C@H]1CC[C@H](C[C@H]2CC[C@H](N)CC2)CC1,0,1,1,1,diastereomer_relative_configuration_differs,0.2173697349600851,0.2173697349600851
O=C(O)CC1OC(OC2C(C(=O)O)CC(C(=O)O)C(O)C2O)C(O)C(O)C1O,MPSCORE_08127,MPSCORE_08154,O=C(O)C[C@@H]1O[C@H](O[C@@H]2[C@@H](O)[C@@H](O)[C@@H](C(=O)O)C[C@H]2C(=O)O)[C@H](O)[C@@H](O)[C@@H]1O,O=C(O)C[C@H]1O[C@@H](O[C@H]2[C@@H](O)[C@H](O)[C@@H](C(=O)O)C[C@H]2C(=O)O)[C@H](O)[C@@H](O)[C@@H]1O,0,1,1,1,diastereomer_relative_configuration_differs,0.6234296179945207,0.6234296179945207
O=C(O)C(Br)CCBr,MPSCORE_08214,MPSCORE_08289,O=C(O)[C@@H](Br)CCBr,O=C(O)[C@H](Br)CCBr,1,0,1,1,enantiomer_like_full_inversion,0.1825925447085973,0.1825925447085973
O=C(O)C(CO)CCO,MPSCORE_08219,MPSCORE_08293,O=C(O)[C@@H](CO)CCO,O=C(O)[C@H](CO)CCO,1,0,1,1,enantiomer_like_full_inversion,0.164769870547307,0.164769870547307
O=C(O)C(c1cccc2ccccc12)C(C(=O)O)c1cccc2ccccc12,MPSCORE_08242,MPSCORE_08308,O=C(O)[C@@H](c1cccc2ccccc12)[C@@H](C(=O)O)c1cccc2ccccc12,O=C(O)[C@H](c1cccc2ccccc12)[C@@H](C(=O)O)c1cccc2ccccc12,0,1,1,1,diastereomer_relative_configuration_differs,0.5495397175759793,0.5495397175759793
O=C(O)C(c1ccccc1)C(C(=O)O)c1ccccc1,MPSCORE_08243,MPSCORE_08309,O=C(O)[C@@H](c1ccccc1)[C@@H](C(=O)O)c1ccccc1,O=C(O)[C@H](c1ccccc1)[C@@H](C(=O)O)c1ccccc1,1,0,1,2,diastereomer_relative_configuration_differs,0.3302473305159732,0.3302473305159732
O=C(O)C1C2c3ccccc3C(c3ccccc32)C1C(=O)O,MPSCORE_08278,MPSCORE_08382,O=C(O)[C@@H]1[C@H]2c3ccccc3[C@H](c3ccccc32)[C@H]1C(=O)O,O=C(O)[C@H]1[C@H]2c3ccccc3[C@H](c3ccccc32)[C@@H]1C(=O)O,1,0,1,1,enantiomer_like_full_inversion,0.5133792310322483,0.5133792310322483
O=C(O)C1CC=CCC1C(=O)O,MPSCORE_08319,MPSCORE_08320,O=C(O)[C@H]1CC=CC[C@@H]1C(=O)O,O=C(O)[C@H]1CC=CC[C@H]1C(=O)O,1,0,1,1,diastereomer_relative_configuration_differs,0.2776406926798135,0.2776406926798135
O=C(O)C1CCC(C(=O)O)CC1,MPSCORE_08330,MPSCORE_08336,O=C(O)[C@H]1CC[C@@H](C(=O)O)CC1,O=C(O)[C@H]1CC[C@H](C(=O)O)CC1,1,0,1,1,enantiomer_like_full_inversion,0.1764569447684953,0.1764569447684953
O=C(O)C1CCC1C(=O)O,MPSCORE_08334,MPSCORE_08339,O=C(O)[C@H]1CC[C@@H]1C(=O)O,O=C(O)[C@H]1CC[C@H]1C(=O)O,1,0,1,1,diastereomer_relative_configuration_differs,0.3069420138466657,0.3069420138466657
O=C(O)C1CC(C(=O)O)CC(C(=O)O)C1,MPSCORE_08346,MPSCORE_08359,O=C(O)[C@H]1C[C@@H](C(=O)O)C[C@@H](C(=O)O)C1,O=C(O)[C@H]1C[C@H](C(=O)O)C[C@@H](C(=O)O)C1,0,1,1,1,enantiomer_like_full_inversion,0.2048894694669695,0.2048894694669695
O=C(O)C1CC2CC1CC2C(=O)O,MPSCORE_08357,MPSCORE_08358,O=C(O)[C@H]1C[C@@H]2C[C@H]1C[C@@H]2C(=O)O,O=C(O)[C@H]1C[C@@H]2C[C@H]1C[C@H]2C(=O)O,1,0,1,1,diastereomer_relative_configuration_differs,0.5912713256475512,0.5912713256475512
O=C(O)c1ccc(C2c3cc(c(O)cc3O)C(c3ccc(C(=O)O)cc3)c3cc(c(O)cc3O)C(c3ccc(C(=O)O)cc3)c3cc(c(O)cc3O)C(c3ccc(C(=O)O)cc3)c3cc2c(O)cc3O)cc1,MPSCORE_08558,MPSCORE_08559,O=C(O)c1ccc([C@H]2c3cc(c(O)cc3O)[C@H](c3ccc(C(=O)O)cc3)c3cc(c(O)cc3O)[C@@H](c3ccc(C(=O)O)cc3)c3cc(c(O)cc3O)[C@@H](c3ccc(C(=O)O)cc3)c3cc2c(O)cc3O)cc1,O=C(O)c1ccc([C@H]2c3cc(c(O)cc3O)[C@H](c3ccc(C(=O)O)cc3)c3cc(c(O)cc3O)[C@H](c3ccc(C(=O)O)cc3)c3cc(c(O)cc3O)[C@@H](c3ccc(C(=O)O)cc3)c3cc2c(O)cc3O)cc1,0,1,1,2,enantiomer_like_full_inversion,0.8114131031896016,0.8114131031896016
O=CC12CCCC(C=O)(C1)C2,MPSCORE_08899,MPSCORE_09393,O=CC12CCCC(C=O)(C1)C2,O=C[C@]12CCC[C@](C=O)(C1)C2,0,1,1,1,stereo_annotation_completeness_only,0.4356719054229249,0.4356719054229249
O=CC12CCCCC1(C=O)CCCC2,MPSCORE_08900,MPSCORE_09391,O=CC12CCCCC1(C=O)CCCC2,O=C[C@]12CCCC[C@@]1(C=O)CCCC2,0,1,1,1,stereo_annotation_completeness_only,0.3429114575152488,0.3429114575152488
O=CC1=C(C=O)C(C(O)CO)OC1=O,MPSCORE_08916,MPSCORE_08921,O=CC1=C(C=O)[C@@H]([C@@H](O)CO)OC1=O,O=CC1=C(C=O)[C@H]([C@H](O)CO)OC1=O,0,1,1,1,enantiomer_like_full_inversion,0.3233513075950283,0.3233513075950283
O=CCC12CCC(CC=O)(CC1)CC2,MPSCORE_09064,MPSCORE_09151,O=CCC12CCC(CC=O)(CC1)CC2,O=CC[C@]12CC[C@](CC=O)(CC1)CC2,0,1,1,1,stereo_annotation_completeness_only,0.4511471160836786,0.4511471160836786
O=CC(C(=O)O)C(C=O)C(=O)O,MPSCORE_09224,MPSCORE_09318,O=C[C@@H](C(=O)O)[C@@H](C=O)C(=O)O,O=C[C@H](C(=O)O)[C@@H](C=O)C(=O)O,0,1,1,1,diastereomer_relative_configuration_differs,0.2810671426215805,0.2810671426215805
O=CC1CCC(C=O)C1,MPSCORE_09247,MPSCORE_09248,O=C[C@@H]1CC[C@@H](C=O)C1,O=C[C@@H]1CC[C@H](C=O)C1,0,1,1,1,diastereomer_relative_configuration_differs,0.2814983978229455,0.2814983978229455
O=CC1CCC(C=O)C1,MPSCORE_09247,MPSCORE_09342,O=C[C@@H]1CC[C@@H](C=O)C1,O=C[C@H]1CC[C@H](C=O)C1,0,1,1,1,enantiomer_like_full_inversion,0.2814983978229455,0.2814983978229455
O=CC1CCC(C=O)S1(=O)=O,MPSCORE_09249,MPSCORE_09344,O=C[C@@H]1CC[C@H](C=O)S1(=O)=O,O=C[C@H]1CC[C@H](C=O)S1(=O)=O,1,0,1,1,diastereomer_relative_configuration_differs,0.3161336188219631,0.3161336188219631
O=CC1COCC1C=O,MPSCORE_09254,MPSCORE_09255,O=C[C@@H]1COC[C@@H]1C=O,O=C[C@@H]1COC[C@H]1C=O,0,1,1,1,diastereomer_relative_configuration_differs,0.2625422388292318,0.2625422388292318
O=CC1CC(C=O)C(OC2OC(CO)C(O)C(C=O)C2O)C(O)C1O,MPSCORE_09288,MPSCORE_09378,O=C[C@@H]1[C@@H](O)[C@H](O[C@@H]2[C@H](O)[C@H](O)[C@H](C=O)C[C@@H]2C=O)O[C@H](CO)[C@H]1O,O=C[C@H]1[C@H](O)[C@H](O[C@@H]2[C@H](O)[C@@H](O)[C@@H](C=O)C[C@H]2C=O)O[C@@H](CO)[C@@H]1O,1,0,1,1,diastereomer_relative_configuration_differs,0.6061402286553531,0.6061402286553531
O=Cc1ccc(C2c3cc(c(O)cc3O)C(c3ccc(C=O)cc3)c3cc(c(O)cc3O)C(c3ccc(C=O)cc3)c3cc(c(O)cc3O)C(c3ccc(C=O)cc3)c3cc2c(O)cc3O)cc1,MPSCORE_09638,MPSCORE_09639,O=Cc1ccc([C@H]2c3cc(c(O)cc3O)[C@H](c3ccc(C=O)cc3)c3cc(c(O)cc3O)[C@@H](c3ccc(C=O)cc3)c3cc(c(O)cc3O)[C@@H](c3ccc(C=O)cc3)c3cc2c(O)cc3O)cc1,O=Cc1ccc([C@H]2c3cc(c(O)cc3O)[C@H](c3ccc(C=O)cc3)c3cc(c(O)cc3O)[C@H](c3ccc(C=O)cc3)c3cc(c(O)cc3O)[C@@H](c3ccc(C=O)cc3)c3cc2c(O)cc3O)cc1,0,1,1,1,enantiomer_like_full_inversion,0.806270827085607,0.806270827085607
OCCC1CCCCC1CO,MPSCORE_10015,MPSCORE_10035,OCC[C@@H]1CCCC[C@@H]1CO,OCC[C@H]1CCCC[C@H]1CO,1,0,1,1,enantiomer_like_full_inversion,0.25508239853227,0.25508239853227
OCC(c1ccccc1)C(CO)c1ccccc1,MPSCORE_10095,MPSCORE_10154,OC[C@@H](c1ccccc1)[C@@H](CO)c1ccccc1,OC[C@H](c1ccccc1)[C@@H](CO)c1ccccc1,0,1,1,1,diastereomer_relative_configuration_differs,0.3000234266219333,0.3000234266219333
OCC(c1ccccc1)C(CO)c1ccccc1,MPSCORE_10095,MPSCORE_10155,OC[C@@H](c1ccccc1)[C@@H](CO)c1ccccc1,OC[C@H](c1ccccc1)[C@H](CO)c1ccccc1,0,1,1,1,enantiomer_like_full_inversion,0.3000234266219333,0.3000234266219333
OCC1CCCC1CO,MPSCORE_10102,MPSCORE_10166,OC[C@@H]1CCC[C@H]1CO,OC[C@H]1CCC[C@@H]1CO,0,1,1,1,enantiomer_like_full_inversion,0.2527939787015666,0.2527939787015666
OCC1C2c3ccccc3C(c3ccccc32)C1CO,MPSCORE_10141,MPSCORE_10142,OC[C@@H]1[C@H]2c3ccccc3[C@H](c3ccccc32)[C@@H]1CO,OC[C@@H]1[C@H]2c3ccccc3[C@H](c3ccccc32)[C@H]1CO,0,1,1,2,diastereomer_relative_configuration_differs,0.4827202294905222,0.4827202294905222
OCC1C2c3ccccc3C(c3ccccc32)C1CO,MPSCORE_10141,MPSCORE_10221,OC[C@@H]1[C@H]2c3ccccc3[C@H](c3ccccc32)[C@@H]1CO,OC[C@H]1[C@H]2c3ccccc3[C@H](c3ccccc32)[C@@H]1CO,0,1,1,2,diastereomer_relative_configuration_differs,0.4827202294905222,0.4827202294905222
OCC1CC(CO)CC(CO)C1,MPSCORE_10180,MPSCORE_10187,OC[C@H]1C[C@@H](CO)C[C@@H](CO)C1,OC[C@H]1C[C@H](CO)C[C@@H](CO)C1,0,1,3,1,enantiomer_like_full_inversion,0.1727088155878478,0.1727088155878478
OC1OC(CCl)C(O)C(O)C1Cl,MPSCORE_10410,MPSCORE_10428,O[C@@H]1[C@@H](O)[C@@H](CCl)O[C@H](O)[C@H]1Cl,O[C@@H]1[C@H](O)[C@@H](Cl)[C@@H](O)O[C@H]1CCl,0,1,1,1,diastereomer_relative_configuration_differs,0.4013939328122712,0.4013939328122712
OC1OC(CCl)C(O)C(O)C1Cl,MPSCORE_10410,MPSCORE_10436,O[C@@H]1[C@@H](O)[C@@H](CCl)O[C@H](O)[C@H]1Cl,O[C@@H]1[C@H](O)[C@H](CCl)O[C@@H](O)[C@@H]1Cl,0,1,1,1,diastereomer_relative_configuration_differs,0.4013939328122712,0.4013939328122712
OC1OC(CCl)C(O)C(O)C1Cl,MPSCORE_10410,MPSCORE_10437,O[C@@H]1[C@@H](O)[C@@H](CCl)O[C@H](O)[C@H]1Cl,O[C@@H]1[C@H](O)[C@H](Cl)[C@H](O)O[C@@H]1CCl,0,1,1,2,diastereomer_relative_configuration_differs,0.4013939328122712,0.4013939328122712
OC1C(Br)CC(Br)C(O)C1O,MPSCORE_10416,MPSCORE_10434,O[C@@H]1[C@@H](O)[C@H](Br)C[C@@H](Br)[C@H]1O,O[C@@H]1[C@H](O)[C@H](Br)C[C@H](Br)[C@H]1O,1,0,1,1,diastereomer_relative_configuration_differs,0.3453149879987376,0.3453149879987376
Oc1ccccc1C(Br)C(Br)c1ccccc1O,MPSCORE_10615,MPSCORE_10620,Oc1ccccc1[C@@H](Br)[C@@H](Br)c1ccccc1O,Oc1ccccc1[C@H](Br)[C@@H](Br)c1ccccc1O,0,1,1,1,diastereomer_relative_configuration_differs,0.3759425495926438,0.3759425495926438
Oc1ccccc1C(Br)C(Br)c1ccccc1O,MPSCORE_10616,MPSCORE_10620,Oc1ccccc1[C@@H](Br)[C@H](Br)c1ccccc1O,Oc1ccccc1[C@H](Br)[C@@H](Br)c1ccccc1O,0,1,1,1,enantiomer_like_full_inversion,0.3759425495926438,0.3759425495926438
[H]N=C(CO)c1ccc(-c2nc3cc(C(CO)=N[H])ccc3[nH]2)cc1,MPSCORE_10784,MPSCORE_10897,[H]/N=C(/CO)c1ccc(-c2nc3cc(/C(CO)=N\[H])ccc3[nH]2)cc1,[H]/N=C(\CO)c1ccc(-c2nc3cc(/C(CO)=N\[H])ccc3[nH]2)cc1,1,0,1,1,no_shared_stereocenters,0.3783769527490682,0.3783769527490682
